inventory_id,source_locator,start,end,source_text,context,classification,requirement_id,duplicate_of,exclusion_reason
IM-001,interviews/interview-B-3.md:L13,0,97,I spend too much time chasing inconsistent AI-use records and turning them into a review package.,stakeholder 03:05,context,INT-001,,
IM-002,interviews/interview-B-3.md:L13,98,213,"Legal and Operations need to see what the evidence actually supports, what is still uncertain and who needs to act.",stakeholder 03:05,normative,INT-002,,
IM-003,interviews/interview-B-3.md:L13,214,306,I would like repeatable help preparing that package while keeping their decisions with them.,stakeholder 03:05,normative,INT-003,,
IM-004,interviews/interview-B-3.md:L13,307,404,I spend too much time chasing inconsistent AI-use records and turning them into a review package.,stakeholder 03:05,duplicate,INT-001,IM-001,Repeated assertion; punctuation-only variation does not add a business meaning.
IM-005,interviews/interview-B-3.md:L13,405,521,"Legal and Operations need to see what the evidence actually supports, what is still uncertain, and who needs to act.",stakeholder 03:05,duplicate,,IM-002,Repeated assertion; punctuation-only variation does not add a business meaning.
IM-006,interviews/interview-B-3.md:L13,522,614,I would like repeatable help preparing that package while keeping their decisions with them.,stakeholder 03:05,duplicate,INT-003,IM-003,Repeated assertion; punctuation-only variation does not add a business meaning.
IM-007,interviews/interview-B-3.md:L21,0,104,"I often struggle with scattered, inconsistent records and conflicting evidence across different systems.",stakeholder 03:07,normative,INT-004,,
IM-008,interviews/interview-B-3.md:L21,105,283,"It's hard to keep track of missing proof or unapproved exceptions, and I need to ensure that changes to facts propagate correctly through the drafts without overstepping my role.",stakeholder 03:07,normative,INT-005,,
IM-009,interviews/interview-B-3.md:L21,284,342,Which part of the workflow would you like to explore next?,stakeholder 03:07,conversational/non-normative,,,"Conversational prompt, courtesy or presentation preamble; no business requirement or authorization."
IM-010,interviews/interview-B-3.md:L29,0,100,"I coordinate the Article 50 change-impact work for our EU programme team, covering eight AI systems.",stakeholder 03:08,normative,INT-006,,
IM-011,interviews/interview-B-3.md:L29,101,257,"I verify system uses, assess evidence against policy rules, and draft the impact register and calendar for Legal and Operations to make the final decisions.",stakeholder 03:08,normative,INT-007,,
IM-012,interviews/interview-B-3.md:L29,258,324,Which specific part of this process would you like to investigate?,stakeholder 03:08,conversational/non-normative,,,"Conversational prompt, courtesy or presentation preamble; no business requirement or authorization."
IM-013,interviews/interview-B-3.md:L37,0,61,"No, the review audience is specifically Legal and Operations.",stakeholder 03:08,normative,INT-008,,
IM-014,interviews/interview-B-3.md:L37,62,180,"They make the final decisions, while system owners help correct and verify the facts regarding their specific systems.",stakeholder 03:08,normative,INT-009,,
IM-015,interviews/interview-B-3.md:L37,181,240,Which stage of the workflow would you like to look at next?,stakeholder 03:08,conversational/non-normative,,,"Conversational prompt, courtesy or presentation preamble; no business requirement or authorization."
IM-016,interviews/interview-B-3.md:L45,0,91,"I start by confirming the request scope, including the As-Of date, systems, and recipients.",stakeholder 03:09,normative,INT-010,,
IM-017,interviews/interview-B-3.md:L45,92,236,"Then I open binding legislation like Article 50 before comparing our internal policy against each system's actual use, roles, and exposed users.",stakeholder 03:09,normative,INT-011,,
IM-018,interviews/interview-B-3.md:L45,237,415,"Next, I review all evidence records for conflicts, draft impact proposals, translate them into actionable tasks, and finally reconcile all drafts for Legal and Operations review.",stakeholder 03:09,normative,INT-012,,
IM-019,interviews/interview-B-3.md:L45,416,474,Which part of this process would you like to explore next?,stakeholder 03:09,conversational/non-normative,,,"Conversational prompt, courtesy or presentation preamble; no business requirement or authorization."
IM-020,interviews/interview-B-3.md:L53,0,41,I use ten distinct sources for this work.,stakeholder 03:09,normative,INT-013,,
IM-021,interviews/interview-B-3.md:L53,42,210,"These include the Article 50 official paragraph text, the Original Official Journal Regulation EU 2024 1689, and the Commission linked Official Journal amendment route.",stakeholder 03:09,normative,INT-014,,
IM-022,interviews/interview-B-3.md:L53,211,313,I also reference the 27 July 2026 navigation reference and the Official implementation timing context.,stakeholder 03:09,normative,INT-015,,
IM-023,interviews/interview-B-3.md:L53,314,519,"Finally, I consult the Explanatory Commission Article 50 guidance, our view only internal policy, the current system uses, roles, and status, the incident gap and evidence records, and our action calendar.",stakeholder 03:09,normative,INT-016,,
IM-024,interviews/interview-B-3.md:L53,520,585,Which specific part of the process would you like to investigate?,stakeholder 03:09,conversational/non-normative,,,"Conversational prompt, courtesy or presentation preamble; no business requirement or authorization."
IM-025,interviews/interview-B-3.md:L55,0,101,- [Article 50 official paragraph text](https://ai-act-service-desk.ec.europa.eu/en/ai-act/article-50),stakeholder 03:09,normative,INT-017,,
IM-026,interviews/interview-B-3.md:L56,0,107,- [Original Official Journal Regulation (EU) 2024/1689](https://eur-lex.europa.eu/eli/reg/2024/1689/oj/eng),stakeholder 03:09,normative,INT-018,,
IM-027,interviews/interview-B-3.md:L57,0,124,- [Commission-linked Official Journal amendment route](https://eur-lex.europa.eu/legal-content/EN/TXT/?uri=OJ%3AL_202601744),stakeholder 03:09,normative,INT-019,,
IM-028,interviews/interview-B-3.md:L58,0,116,- [27 July 2026 navigation reference](https://eur-lex.europa.eu/legal-content/EN/TXT/?uri=CELEX:02024R1689-20260727),stakeholder 03:09,normative,INT-020,,
IM-029,interviews/interview-B-3.md:L59,0,128,- [Official implementation timing context](https://ai-act-service-desk.ec.europa.eu/en/ai-act/eu-ai-act-implementation-timeline),stakeholder 03:09,normative,INT-021,,
IM-030,interviews/interview-B-3.md:L60,0,142,- [Explanatory Commission Article 50 guidance](https://digital-strategy.ec.europa.eu/en/faqs/transparency-obligations-under-article-50-ai-act),stakeholder 03:09,normative,INT-022,,
IM-031,interviews/interview-B-3.md:L61,0,162,- [View-only internal policy](https://private-pecorino-70e.notion.site/Project-2-Regulatory-Compliance-Current-Internal-Policies-3ba0b700541e81f09998d48f3b1c2856),stakeholder 03:09,normative,INT-023,,
IM-032,interviews/interview-B-3.md:L62,0,127,"- [Current system uses, roles, and status](https://docs.google.com/spreadsheets/d/10ky745H_1h9XbGCXPJsiRp5yfdeU08TZtmrsCMinGgU)",stakeholder 03:09,normative,INT-024,,
IM-033,interviews/interview-B-3.md:L70,0,81,"Here are the incident, gap, and evidence records, along with the action calendar.",stakeholder 03:11,conversational/non-normative,,,"Conversational prompt, courtesy or presentation preamble; no business requirement or authorization."
IM-034,interviews/interview-B-3.md:L70,82,139,Which part of the process would you like to explore next?,stakeholder 03:11,conversational/non-normative,,,"Conversational prompt, courtesy or presentation preamble; no business requirement or authorization."
IM-035,interviews/interview-B-3.md:L72,0,124,"- [Incident, gap, and evidence records](https://docs.google.com/spreadsheets/d/19BYZ68OSbsa1i9OfF6MzthrdC6q6mt6IWk6ucI8u7Rk)",stakeholder 03:11,normative,INT-025,,
IM-036,interviews/interview-B-3.md:L73,0,104,- [Action calendar](https://docs.google.com/spreadsheets/d/1xtXl_P7Yb9LaECZjjgtlyI-idoAJTAhH-1gQ4vQaCGA),stakeholder 03:11,normative,INT-026,,
IM-037,interviews/interview-B-3.md:L81,0,212,"Legal owns the final interpretation of the legislation and policy boundaries, Operations owns policy activation, approved dates, and incident closure, while system owners correct facts for their specific systems.",stakeholder 03:11,normative,INT-027,,
IM-038,interviews/interview-B-3.md:L81,213,270,Which part of the process would you like to explore next?,stakeholder 03:11,conversational/non-normative,,,"Conversational prompt, courtesy or presentation preamble; no business requirement or authorization."
IM-039,interviews/interview-B-3.md:L89,0,78,I treat missing evidence as unresolved rather than compliant or non-compliant.,stakeholder 03:12,normative,INT-028,,
IM-040,interviews/interview-B-3.md:L89,79,213,"I distinguish between our internal policy controls and legal questions, and system owners must supply the correct factual information.",stakeholder 03:12,normative,INT-029,,
IM-041,interviews/interview-B-3.md:L89,214,271,Which part of the process would you like to explore next?,stakeholder 03:12,conversational/non-normative,,,"Conversational prompt, courtesy or presentation preamble; no business requirement or authorization."
IM-042,interviews/interview-B-3.md:L97,0,158,"System owners verify and update details like actual system usage, provider or deployer roles, notice content, and evidence states for the systems they manage.",stakeholder 03:13,normative,INT-030,,
IM-043,interviews/interview-B-3.md:L97,159,243,This ensures our records are accurate before Legal and Operations review the drafts.,stakeholder 03:13,normative,INT-031,,
IM-044,interviews/interview-B-3.md:L97,244,301,Which part of the process would you like to explore next?,stakeholder 03:13,conversational/non-normative,,,"Conversational prompt, courtesy or presentation preamble; no business requirement or authorization."
IM-045,interviews/interview-B-3.md:L105,0,218,"Legal owns the final interpretation of the legislative texts and any policy boundaries, while Operations manages policy activation and the active records, and system owners verify the factual accuracy of their systems.",stakeholder 03:14,normative,INT-032,,
IM-046,interviews/interview-B-3.md:L105,219,280,Which part of the process would you like to investigate next?,stakeholder 03:14,conversational/non-normative,,,"Conversational prompt, courtesy or presentation preamble; no business requirement or authorization."
IM-047,interviews/interview-B-3.md:L113,0,122,"The legislative texts, amending acts, implementation timelines, and official Commission guidance are all external sources.",stakeholder 03:14,normative,INT-033,,
IM-048,interviews/interview-B-3.md:L113,123,230,"Our internal sources are the view-only policy, system registers, evidence records, and the action calendar.",stakeholder 03:14,normative,INT-034,,
IM-049,interviews/interview-B-3.md:L113,231,275,Which workflow stage should we look at next?,stakeholder 03:14,conversational/non-normative,,,"Conversational prompt, courtesy or presentation preamble; no business requirement or authorization."
IM-050,interviews/interview-B-3.md:L121,0,189,"Yes, binding legislation like Article 50 and the amending acts establish the definitive rules, while the Commission guidance provides explanatory context but lacks independent legal effect.",stakeholder 03:14,normative,INT-035,,
IM-051,interviews/interview-B-3.md:L121,190,251,Which part of the process would you like to investigate next?,stakeholder 03:14,conversational/non-normative,,,"Conversational prompt, courtesy or presentation preamble; no business requirement or authorization."
IM-052,interviews/interview-B-3.md:L129,0,201,"I escalate when there is unresolved conflicting evidence between records, critical missing facts from system owners, or when decisions on Legal interpretation are needed to finalize the review package.",stakeholder 03:15,normative,INT-036,,
IM-053,interviews/interview-B-3.md:L129,202,259,Which part of the process would you like to explore next?,stakeholder 03:15,conversational/non-normative,,,"Conversational prompt, courtesy or presentation preamble; no business requirement or authorization."
IM-054,interviews/interview-B-3.md:L137,0,122,"I escalate questions regarding legal interpretation to Legal, and unresolved factual or operational matters to Operations.",stakeholder 03:15,normative,INT-037,,
IM-055,interviews/interview-B-3.md:L137,123,180,Which part of the process would you like to explore next?,stakeholder 03:15,conversational/non-normative,,,"Conversational prompt, courtesy or presentation preamble; no business requirement or authorization."
IM-056,interviews/interview-B-3.md:L145,0,145,"The individual system owners are responsible for providing the correct facts for their systems, as they manage the specific details and evidence.",stakeholder 03:16,normative,INT-038,,
IM-057,interviews/interview-B-3.md:L145,146,203,Which part of the process would you like to explore next?,stakeholder 03:16,conversational/non-normative,,,"Conversational prompt, courtesy or presentation preamble; no business requirement or authorization."
IM-058,interviews/interview-B-3.md:L153,0,84,I keep contradictory records separate and ask the system owners to verify the facts.,stakeholder 03:16,normative,INT-039,,
IM-059,interviews/interview-B-3.md:L153,85,213,Unavailable evidence is marked as unresolved rather than compliant or non-compliant until the necessary information is supplied.,stakeholder 03:16,normative,INT-040,,
IM-060,interviews/interview-B-3.md:L153,214,271,Which part of the process would you like to explore next?,stakeholder 03:16,conversational/non-normative,,,"Conversational prompt, courtesy or presentation preamble; no business requirement or authorization."
IM-061,interviews/interview-B-3.md:L161,0,165,"I draft reasoned impact proposals based on the evidence, then propose actions, owners, and dates in the draft calendar, ensuring all changes propagate across drafts.",stakeholder 03:17,normative,INT-041,,
IM-062,interviews/interview-B-3.md:L161,166,231,"For detailed action tracking, you can review the action calendar.",stakeholder 03:17,normative,INT-042,,
IM-063,interviews/interview-B-3.md:L163,0,97,- [CALENDAR](https://docs.google.com/spreadsheets/d/1xtXl_P7Yb9LaECZjjgtlyI-idoAJTAhH-1gQ4vQaCGA),stakeholder 03:17,duplicate,INT-043,IM-036,Repeated source route; different display labels do not declare a different source.
IM-064,interviews/interview-B-3.md:L167,0,94,"Legal reviews my reasoned impact findings, while Operations handles the proposed action dates.",stakeholder 03:17,normative,INT-044,,
IM-065,interviews/interview-B-3.md:L167,95,155,Which specific part of the work do you want to explore next?,stakeholder 03:17,conversational/non-normative,,,"Conversational prompt, courtesy or presentation preamble; no business requirement or authorization."
IM-066,interviews/interview-B-3.md:L175,0,191,"Legal must approve final interpretations of compliance findings and any exceptions, while Operations approves the action calendar dates, policy activations, and specific incident resolutions.",stakeholder 03:18,normative,INT-045,,
IM-067,interviews/interview-B-3.md:L175,192,240,What part of the process should we look at next?,stakeholder 03:18,conversational/non-normative,,,"Conversational prompt, courtesy or presentation preamble; no business requirement or authorization."
IM-068,interviews/interview-B-3.md:L183,0,157,Legal determines the final interpretation of compliance findings and resolves any conflicts between external legal requirements and internal policy controls.,stakeholder 03:19,normative,INT-046,,
IM-069,interviews/interview-B-3.md:L183,158,208,Which part of the workflow should we examine next?,stakeholder 03:19,conversational/non-normative,,,"Conversational prompt, courtesy or presentation preamble; no business requirement or authorization."
IM-070,interviews/interview-B-3.md:L191,0,142,"My role focuses strictly on preparing the Article 50 compliance review package, so I do not handle system pricing or procurement negotiations.",stakeholder 03:20,context,INT-047,,
IM-071,interviews/interview-B-3.md:L191,143,205,Which part of the workflow would you like to investigate next?,stakeholder 03:20,conversational/non-normative,,,"Conversational prompt, courtesy or presentation preamble; no business requirement or authorization."
IM-072,interviews/interview-B-3.md:L199,0,172,"I most often encounter unresolved conflicting evidence or missing facts from system owners, such as unverified notices or unsupported claims of machine-readable provenance.",stakeholder 03:20,normative,INT-048,,
IM-073,interviews/interview-B-3.md:L199,173,249,Stale role information and unapproved exceptions also frequently cause gaps.,stakeholder 03:20,normative,INT-049,,
IM-074,interviews/interview-B-3.md:L199,250,337,"Do you have any other questions, or is there a specific review stage we should discuss?",stakeholder 03:20,conversational/non-normative,,,"Conversational prompt, courtesy or presentation preamble; no business requirement or authorization."
IM-075,interviews/interview-B-3.md:L207,0,64,"I start by confirming the review scope, as-of date, and systems.",stakeholder 03:21,normative,INT-050,,
IM-076,interviews/interview-B-3.md:L207,65,120,"Next, I examine the relevant legal texts and timelines.",stakeholder 03:21,normative,INT-051,,
IM-077,interviews/interview-B-3.md:L207,121,240,"Then, I assess each system against internal policies, review all evidence records, and draft reasoned impact proposals.",stakeholder 03:21,normative,INT-052,,
IM-078,interviews/interview-B-3.md:L207,241,330,"Finally, I propose actions and dates, compiling everything into the draft review package.",stakeholder 03:21,normative,INT-053,,
IM-079,interviews/interview-B-3.md:L215,0,72,"I confirm the review scope, the as-of date, and all relevant system IDs.",stakeholder 03:21,normative,INT-054,,
IM-080,interviews/interview-B-3.md:L215,73,226,"For this review, the as-of date is 26 August 2026, and I ensure all eight systems are accounted for across the SYSTEMS, EVIDENCE, and CALENDAR registers.",stakeholder 03:21,normative,INT-055,,
IM-081,interviews/interview-B-3.md:L215,227,293,I also make sure the package is prepared for Legal and Operations.,stakeholder 03:21,normative,INT-056,,
IM-082,interviews/interview-B-3.md:L215,294,351,Which part of this alignment do you want to examine next?,stakeholder 03:21,conversational/non-normative,,,"Conversational prompt, courtesy or presentation preamble; no business requirement or authorization."
IM-083,interviews/interview-B-3.md:L223,0,75,"I compile an impact register, a concise brief, and a draft action calendar.",stakeholder 03:22,normative,INT-057,,
IM-084,interviews/interview-B-3.md:L223,76,213,"I ensure all factual gaps, conflicts, and pending decisions are clearly visible so that Legal and Operations can make informed decisions.",stakeholder 03:22,normative,INT-058,,
IM-085,interviews/interview-B-3.md:L223,214,266,What area of this preparation do you want to review?,stakeholder 03:22,conversational/non-normative,,,"Conversational prompt, courtesy or presentation preamble; no business requirement or authorization."
IM-086,interviews/interview-B-3.md:L231,0,108,"I examine the binding Article 50 text in the LAW source, alongside the rules in OJ, AMEND, and CONSOLIDATED.",stakeholder 03:22,normative,INT-059,,
IM-087,interviews/interview-B-3.md:L231,109,189,I also review TIME for implementation deadlines and FAQ for explanatory context.,stakeholder 03:22,normative,INT-060,,
IM-088,interviews/interview-B-3.md:L231,190,239,Which part of the process should we look at next?,stakeholder 03:22,conversational/non-normative,,,"Conversational prompt, courtesy or presentation preamble; no business requirement or authorization."
IM-089,interviews/interview-B-3.md:L233,0,70,- [LAW](https://ai-act-service-desk.ec.europa.eu/en/ai-act/article-50),stakeholder 03:22,duplicate,INT-061,IM-025,Repeated source route; different display labels do not declare a different source.
IM-090,interviews/interview-B-3.md:L234,0,58,- [OJ](https://eur-lex.europa.eu/eli/reg/2024/1689/oj/eng),stakeholder 03:22,duplicate,INT-062,IM-026,Repeated source route; different display labels do not declare a different source.
IM-091,interviews/interview-B-3.md:L235,0,79,- [AMEND](https://eur-lex.europa.eu/legal-content/EN/TXT/?uri=OJ%3AL_202601744),stakeholder 03:22,duplicate,INT-063,IM-027,Repeated source route; different display labels do not declare a different source.
IM-092,interviews/interview-B-3.md:L236,0,95,- [CONSOLIDATED](https://eur-lex.europa.eu/legal-content/EN/TXT/?uri=CELEX:02024R1689-20260727),stakeholder 03:22,duplicate,INT-064,IM-028,Repeated source route; different display labels do not declare a different source.
IM-093,interviews/interview-B-3.md:L237,0,94,- [TIME](https://ai-act-service-desk.ec.europa.eu/en/ai-act/eu-ai-act-implementation-timeline),stakeholder 03:22,duplicate,INT-065,IM-029,Repeated source route; different display labels do not declare a different source.
IM-094,interviews/interview-B-3.md:L238,0,103,- [FAQ](https://digital-strategy.ec.europa.eu/en/faqs/transparency-obligations-under-article-50-ai-act),stakeholder 03:22,duplicate,INT-066,IM-030,Repeated source route; different display labels do not declare a different source.
IM-095,interviews/interview-B-3.md:L242,0,108,"I examine the binding Article 50 text in the LAW source, alongside the rules in OJ, AMEND, and CONSOLIDATED.",stakeholder 03:22,duplicate,,IM-086,Repeated assertion; punctuation-only variation does not add a business meaning.
IM-096,interviews/interview-B-3.md:L242,109,189,I also review TIME for implementation deadlines and FAQ for explanatory context.,stakeholder 03:22,duplicate,,IM-087,Repeated assertion; punctuation-only variation does not add a business meaning.
IM-097,interviews/interview-B-3.md:L242,190,239,Which part of the process should we look at next?,stakeholder 03:22,conversational/non-normative,,,"Conversational prompt, courtesy or presentation preamble; no business requirement or authorization."
IM-098,interviews/interview-B-3.md:L250,0,131,"I assess each system using system IDs to compare actual use, role, and disclosure states against the rules in POLICY using SYSTEMS.",stakeholder 03:24,normative,INT-067,,
IM-099,interviews/interview-B-3.md:L250,132,262,"I then review every record in EVIDENCE alongside CALENDAR to handle conflicts, drafting proposals only where evidence supports it.",stakeholder 03:24,normative,INT-068,,
IM-100,interviews/interview-B-3.md:L252,0,143,- [POLICY](https://private-pecorino-70e.notion.site/Project-2-Regulatory-Compliance-Current-Internal-Policies-3ba0b700541e81f09998d48f3b1c2856),stakeholder 03:24,duplicate,INT-069,IM-031,Repeated source route; different display labels do not declare a different source.
IM-101,interviews/interview-B-3.md:L253,0,96,- [SYSTEMS](https://docs.google.com/spreadsheets/d/10ky745H_1h9XbGCXPJsiRp5yfdeU08TZtmrsCMinGgU),stakeholder 03:24,duplicate,INT-070,IM-032,Repeated source route; different display labels do not declare a different source.
IM-102,interviews/interview-B-3.md:L254,0,97,- [EVIDENCE](https://docs.google.com/spreadsheets/d/19BYZ68OSbsa1i9OfF6MzthrdC6q6mt6IWk6ucI8u7Rk),stakeholder 03:24,duplicate,INT-071,IM-035,Repeated source route; different display labels do not declare a different source.
IM-103,interviews/interview-B-3.md:L262,0,140,"I turn the findings into proposed actions, responsible owners, and dates using the CALENDAR, checking existing actions to avoid duplication.",stakeholder 03:26,normative,INT-072,,
IM-104,interviews/interview-B-3.md:L262,141,302,"Then, I compile the impact register, brief, and draft calendar, ensuring all unresolved facts and pending decisions are clearly visible for Legal and Operations.",stakeholder 03:26,normative,INT-073,,
IM-105,interviews/interview-B-3.md:L264,0,97,- [CALENDAR](https://docs.google.com/spreadsheets/d/1xtXl_P7Yb9LaECZjjgtlyI-idoAJTAhH-1gQ4vQaCGA),stakeholder 03:26,duplicate,INT-074,IM-036,Repeated source route; different display labels do not declare a different source.
IM-106,interviews/interview-B-3.md:L272,0,131,"I have shared the ten core sources needed for this review, including the legal basis, internal policies, and operational registers.",stakeholder 03:27,normative,INT-075,,
IM-107,interviews/interview-B-3.md:L272,132,206,Which specific part of the workflow would you like to investigate further?,stakeholder 03:27,conversational/non-normative,,,"Conversational prompt, courtesy or presentation preamble; no business requirement or authorization."
IM-108,interviews/interview-B-3.md:L280,0,108,"The operational registers include the SYSTEMS register, the EVIDENCE register, and the CALENDAR for actions.",stakeholder 03:27,normative,INT-076,,
IM-109,interviews/interview-B-3.md:L280,109,170,Each one is essential for compiling the draft review package.,stakeholder 03:27,normative,INT-077,,
IM-110,interviews/interview-B-3.md:L280,171,267,- [SYSTEMS](https://docs.google.com/spreadsheets/d/10ky745H_1h9XbGCXPJsiRp5yfdeU08TZtmrsCMinGgU),stakeholder 03:27,duplicate,,IM-032,Repeated source route; different display labels do not declare a different source.
IM-111,interviews/interview-B-3.md:L281,0,97,- [EVIDENCE](https://docs.google.com/spreadsheets/d/19BYZ68OSbsa1i9OfF6MzthrdC6q6mt6IWk6ucI8u7Rk),stakeholder 03:27,duplicate,INT-078,IM-035,Repeated source route; different display labels do not declare a different source.
IM-112,interviews/interview-B-3.md:L282,0,97,- [CALENDAR](https://docs.google.com/spreadsheets/d/1xtXl_P7Yb9LaECZjjgtlyI-idoAJTAhH-1gQ4vQaCGA),stakeholder 03:27,duplicate,INT-079,IM-036,Repeated source route; different display labels do not declare a different source.
IM-113,interviews/interview-B-3.md:L286,0,132,"If there's no other aspect you'd like to clarify regarding the registers, which part of the workflow would you like to explore next?",stakeholder 03:27,conversational/non-normative,,,"Conversational prompt, courtesy or presentation preamble; no business requirement or authorization."
IM-114,interviews/interview-B-3.md:L294,0,21,You are very welcome.,stakeholder 03:28,conversational/non-normative,,,"Conversational prompt, courtesy or presentation preamble; no business requirement or authorization."
IM-115,interviews/interview-B-3.md:L294,22,89,I am glad we could go over the workflow and the registers together.,stakeholder 03:28,conversational/non-normative,INT-080,,Courtesy expressing satisfaction with the conversation; asserts no business requirement.
IM-116,interviews/interview-B-3.md:L302,0,95,"I verify that the feedback matches the specific request, subject, version, and authorized role.",stakeholder 03:37,normative,INT-081,,
IM-117,interviews/interview-B-3.md:L302,96,271,"If verified, I incorporate the outcomes and conditions, propagating any changes in dates or decisions across the drafts, leaving final interpretations to Legal and Operations.",stakeholder 03:37,normative,INT-082,,
IM-118,interviews/interview-B-3.md:L302,272,332,Is there a specific part of that flow you'd like to explore?,stakeholder 03:37,conversational/non-normative,,,"Conversational prompt, courtesy or presentation preamble; no business requirement or authorization."
IM-119,interviews/interview-B-3.md:L310,0,174,"The authorized role means Legal confirms legal interpretations and interpretation of the rules, while Operations authorizes operational dates and policy activation decisions.",stakeholder 03:37,normative,INT-083,,
IM-120,interviews/interview-B-3.md:L310,175,226,What else would you like to know about the process?,stakeholder 03:37,conversational/non-normative,,,"Conversational prompt, courtesy or presentation preamble; no business requirement or authorization."
IM-121,interviews/interview-B-3.md:L318,0,15,You're welcome.,stakeholder 03:38,conversational/non-normative,,,"Conversational prompt, courtesy or presentation preamble; no business requirement or authorization."
IM-122,interviews/interview-B-3.md:L318,16,113,Please let me know if any other questions arise as you review the documentation and the workflow.,stakeholder 03:38,conversational/non-normative,,,"Conversational prompt, courtesy or presentation preamble; no business requirement or authorization."
IM-123,interviews/interview-B-3.md:L326,0,128,"The SYSTEMS register helps me compare actual system uses, provider and deployer roles, and disclosure states against our policy.",stakeholder 04:35,normative,INT-084,,
IM-124,interviews/interview-B-3.md:L326,129,224,"Important fields include the system ID, exposed groups, notice details, and human-review paths.",stakeholder 04:35,normative,INT-085,,
IM-125,interviews/interview-B-3.md:L326,225,320,"Labels like yes, no, and visible label have distinct meanings and require careful verification.",stakeholder 04:35,normative,INT-086,,
IM-126,interviews/interview-B-3.md:L326,321,417,- [SYSTEMS](https://docs.google.com/spreadsheets/d/10ky745H_1h9XbGCXPJsiRp5yfdeU08TZtmrsCMinGgU),stakeholder 04:35,duplicate,,IM-032,Repeated source route; different display labels do not declare a different source.
IM-127,interviews/interview-B-3.md:L330,0,123,"We track whether a notice is provided prior to interaction, the actual output generated, and how human review is conducted.",stakeholder 04:35,normative,INT-087,,
IM-128,interviews/interview-B-3.md:L330,124,259,It is crucial to distinguish between labels like visible label and machine-readable provenance to avoid invalid compliance assumptions.,stakeholder 04:35,normative,INT-088,,
IM-129,interviews/interview-B-3.md:L338,0,77,Those labels indicate exactly what has been confirmed or is still incomplete.,stakeholder 04:36,normative,INT-089,,
IM-130,interviews/interview-B-3.md:L338,78,177,"For example, a ""yes"" or ""no"" must perfectly align with actual evidence documented in the registros.",stakeholder 04:36,normative,INT-090,,
IM-131,interviews/interview-B-3.md:L338,178,319,"A ""visible label"" does not automatically confirm machine-readable provenance, so we must examine the evidence state for each system directly.",stakeholder 04:36,normative,INT-091,,
IM-132,interviews/interview-B-3.md:L346,0,151,"Exposed groups refer to the specific categories of people, such as learners, applicants, or staff, who interact with or are impacted by the AI systems.",stakeholder 04:36,normative,INT-092,,
IM-133,interviews/interview-B-3.md:L346,152,281,Identifying them correctly in the SYSTEMS register is essential to evaluate the impact and disclosure requirements for each tool.,stakeholder 04:36,normative,INT-093,,
IM-134,interviews/interview-B-3.md:L348,0,96,- [SYSTEMS](https://docs.google.com/spreadsheets/d/10ky745H_1h9XbGCXPJsiRp5yfdeU08TZtmrsCMinGgU),stakeholder 04:36,duplicate,INT-094,IM-032,Repeated source route; different display labels do not declare a different source.
IM-135,interviews/interview-B-3.md:L352,0,181,"To evaluate the impact correctly, we look at whether the system interacts with learners, staff, or the public, and whether those groups are exposed to generated or modified content.",stakeholder 04:37,normative,INT-095,,
IM-136,interviews/interview-B-3.md:L352,182,261,This helps determine the specific disclosure and human-review rules that apply.,stakeholder 04:37,normative,INT-096,,
IM-137,interviews/interview-B-3.md:L352,262,358,- [SYSTEMS](https://docs.google.com/spreadsheets/d/10ky745H_1h9XbGCXPJsiRp5yfdeU08TZtmrsCMinGgU),stakeholder 04:37,duplicate,,IM-032,Repeated source route; different display labels do not declare a different source.
IM-138,interviews/interview-B-3.md:L356,0,135,"We focus on how these groups interact, such as learners in support chats, staff in internal workflows, or the public in communications.",stakeholder 04:37,normative,INT-097,,
IM-139,interviews/interview-B-3.md:L356,136,214,Each interaction type dictates the specific rule for disclosure and oversight.,stakeholder 04:37,normative,INT-098,,
IM-140,interviews/interview-B-3.md:L356,215,311,- [SYSTEMS](https://docs.google.com/spreadsheets/d/10ky745H_1h9XbGCXPJsiRp5yfdeU08TZtmrsCMinGgU),stakeholder 04:37,duplicate,,IM-032,Repeated source route; different display labels do not declare a different source.
IM-141,interviews/interview-B-3.md:L360,0,125,These distinctions help me clarify what is supported by the evidence and what remains a factual gap or an unapproved request.,stakeholder 04:37,normative,INT-099,,
IM-142,interviews/interview-B-3.md:L360,126,184,Which part of the workflow would you like to explore next?,stakeholder 04:37,conversational/non-normative,,,"Conversational prompt, courtesy or presentation preamble; no business requirement or authorization."
IM-143,interviews/interview-B-3.md:L368,0,79,We check whether a clear notice is provided before or at the first interaction.,stakeholder 04:38,normative,INT-100,,
IM-144,interviews/interview-B-3.md:L368,80,198,This confirms if the AI nature of the tool is obvious and meets the transparency requirements in the SYSTEMS register.,stakeholder 04:38,normative,INT-101,,
IM-145,interviews/interview-B-3.md:L368,199,295,- [SYSTEMS](https://docs.google.com/spreadsheets/d/10ky745H_1h9XbGCXPJsiRp5yfdeU08TZtmrsCMinGgU),stakeholder 04:38,duplicate,,IM-032,Repeated source route; different display labels do not declare a different source.
IM-146,interviews/interview-B-3.md:L372,0,156,"If the AI nature of the system is not obvious, a clear notice is required before or at the first interaction to ensure compliance with our disclosure rules.",stakeholder 04:38,normative,INT-102,,
IM-147,interviews/interview-B-3.md:L372,157,253,- [SYSTEMS](https://docs.google.com/spreadsheets/d/10ky745H_1h9XbGCXPJsiRp5yfdeU08TZtmrsCMinGgU),stakeholder 04:38,duplicate,,IM-032,Repeated source route; different display labels do not declare a different source.
IM-148,interviews/interview-B-3.md:L376,0,139,"If you have no further questions on notice details, please let me know which part of the review or workflow you would like to explore next.",stakeholder 04:38,conversational/non-normative,,,"Conversational prompt, courtesy or presentation preamble; no business requirement or authorization."
IM-149,interviews/interview-B-3.md:L384,0,211,"A clear notice informs users that they are interacting with an AI system, either by stating it directly in a message before the conversation starts, or making its AI nature obvious at the very first interaction.",stakeholder 04:38,normative,INT-103,,
IM-150,interviews/interview-B-3.md:L384,212,290,"If you have no further questions on this, what would you like to explore next?",stakeholder 04:38,conversational/non-normative,,,"Conversational prompt, courtesy or presentation preamble; no business requirement or authorization."
IM-151,interviews/interview-B-3.md:L392,0,113,Human review paths describe how staff verify AI-generated outputs before they are sent to learners or the public.,stakeholder 04:39,normative,INT-104,,
IM-152,interviews/interview-B-3.md:L392,114,214,We check these paths in the SYSTEMS register to ensure compliance with our internal review policies.,stakeholder 04:39,normative,INT-105,,
IM-153,interviews/interview-B-3.md:L392,215,311,- [SYSTEMS](https://docs.google.com/spreadsheets/d/10ky745H_1h9XbGCXPJsiRp5yfdeU08TZtmrsCMinGgU),stakeholder 04:39,duplicate,,IM-032,Repeated source route; different display labels do not declare a different source.
IM-154,interviews/interview-B-3.md:L396,0,127,This step ensures that outputs are accurate and aligned with our standards before they are delivered to learners or the public.,stakeholder 04:39,normative,INT-106,,
IM-155,interviews/interview-B-3.md:L396,128,192,Which part of the review process would you like to explore next?,stakeholder 04:39,conversational/non-normative,,,"Conversational prompt, courtesy or presentation preamble; no business requirement or authorization."
IM-156,interviews/interview-B-3.md:L404,0,162,"Yes, the provider and deployer roles and the evidence reference links are also critical for verifying the source of our compliance checks in the SYSTEMS register.",stakeholder 04:39,normative,INT-107,,
IM-157,interviews/interview-B-3.md:L404,163,259,- [SYSTEMS](https://docs.google.com/spreadsheets/d/10ky745H_1h9XbGCXPJsiRp5yfdeU08TZtmrsCMinGgU),stakeholder 04:39,duplicate,,IM-032,Repeated source route; different display labels do not declare a different source.
IM-158,interviews/interview-B-3.md:L408,0,91,I can also explain how we cross-reference these roles with the specific legal requirements.,stakeholder 04:40,conversational/non-normative,,,"Conversational prompt, courtesy or presentation preamble; no business requirement or authorization."
IM-159,interviews/interview-B-3.md:L408,92,156,Which part of the review process would you like to explore next?,stakeholder 04:40,conversational/non-normative,,,"Conversational prompt, courtesy or presentation preamble; no business requirement or authorization."
IM-160,interviews/interview-B-3.md:L416,0,53,The provider and deployer roles determine compliance.,stakeholder 04:40,normative,INT-108,,
IM-161,interviews/interview-B-3.md:L416,54,208,"Quillhaven mostly licenses third-party tools, acting as a deployer, so we must ensure disclosure and provenance align with the binding legal requirements.",stakeholder 04:40,normative,INT-109,,
IM-162,interviews/interview-B-3.md:L416,209,279,- [LAW](https://ai-act-service-desk.ec.europa.eu/en/ai-act/article-50),stakeholder 04:40,duplicate,,IM-025,Repeated source route; different display labels do not declare a different source.
IM-163,interviews/interview-B-3.md:L417,0,58,- [OJ](https://eur-lex.europa.eu/eli/reg/2024/1689/oj/eng),stakeholder 04:40,duplicate,INT-110,IM-026,Repeated source route; different display labels do not declare a different source.
IM-164,interviews/interview-B-3.md:L418,0,79,- [AMEND](https://eur-lex.europa.eu/legal-content/EN/TXT/?uri=OJ%3AL_202601744),stakeholder 04:40,duplicate,INT-111,IM-027,Repeated source route; different display labels do not declare a different source.
IM-165,interviews/interview-B-3.md:L419,0,95,- [CONSOLIDATED](https://eur-lex.europa.eu/legal-content/EN/TXT/?uri=CELEX:02024R1689-20260727),stakeholder 04:40,duplicate,INT-112,IM-028,Repeated source route; different display labels do not declare a different source.
IM-166,interviews/interview-B-3.md:L423,0,145,"Legal establishes the final interpretation of how these roles apply under binding law, while as a deployer, we confirm our own operational steps.",stakeholder 04:40,normative,INT-113,,
IM-167,interviews/interview-B-3.md:L423,146,202,Which part of the review would you like to explore next?,stakeholder 04:40,conversational/non-normative,,,"Conversational prompt, courtesy or presentation preamble; no business requirement or authorization."
IM-168,interviews/interview-B-3.md:L431,0,110,"The EVIDENCE register contains record IDs, system IDs, the owner responsible, and the specific evidence state.",stakeholder 04:41,normative,INT-114,,
IM-169,interviews/interview-B-3.md:L431,111,220,"Labels like complete, partial, or conflicting are crucial for identifying factual gaps and ongoing incidents.",stakeholder 04:41,normative,INT-115,,
IM-170,interviews/interview-B-3.md:L431,221,318,- [EVIDENCE](https://docs.google.com/spreadsheets/d/19BYZ68OSbsa1i9OfF6MzthrdC6q6mt6IWk6ucI8u7Rk),stakeholder 04:41,duplicate,,IM-035,Repeated source route; different display labels do not declare a different source.
IM-171,interviews/interview-B-3.md:L435,0,127,These states help me isolate missing proof or contradictions that system owners need to resolve before we finalize the package.,stakeholder 04:41,normative,INT-116,,
IM-172,interviews/interview-B-3.md:L435,128,186,Which part of the workflow would you like to explore next?,stakeholder 04:41,conversational/non-normative,,,"Conversational prompt, courtesy or presentation preamble; no business requirement or authorization."
IM-173,interviews/interview-B-3.md:L443,0,78,"""Complete"" means all evidence has been supplied but does not prove compliance.",stakeholder 04:41,normative,INT-117,,
IM-174,interviews/interview-B-3.md:L443,79,155,"""Partial"" indicates some aspects, like provenance, are missing verification.",stakeholder 04:41,normative,INT-118,,
IM-175,interviews/interview-B-3.md:L443,156,246,"""Conflicting"" means there is a contradiction between reported evidence and actual capture.",stakeholder 04:41,normative,INT-119,,
IM-176,interviews/interview-B-3.md:L443,247,344,- [EVIDENCE](https://docs.google.com/spreadsheets/d/19BYZ68OSbsa1i9OfF6MzthrdC6q6mt6IWk6ucI8u7Rk),stakeholder 04:41,duplicate,,IM-035,Repeated source route; different display labels do not declare a different source.
IM-177,interviews/interview-B-3.md:L447,0,113,These states are vital for managing the factual gaps and preventing invalid compliance assumptions in our drafts.,stakeholder 04:41,normative,INT-120,,
IM-178,interviews/interview-B-3.md:L447,114,171,Which part of the process would you like to explore next?,stakeholder 04:41,conversational/non-normative,,,"Conversational prompt, courtesy or presentation preamble; no business requirement or authorization."
IM-179,interviews/interview-B-3.md:L455,0,146,"You should look closer at the underlying reports for each incident, such as page captures or export tests, rather than just relying on the status.",stakeholder 04:42,normative,INT-121,,
IM-180,interviews/interview-B-3.md:L455,147,244,- [EVIDENCE](https://docs.google.com/spreadsheets/d/19BYZ68OSbsa1i9OfF6MzthrdC6q6mt6IWk6ucI8u7Rk),stakeholder 04:42,duplicate,,IM-035,Repeated source route; different display labels do not declare a different source.
IM-181,interviews/interview-B-3.md:L459,0,107,"These reports are where the concrete evidence details lie, helping me assess the real state of each system.",stakeholder 04:42,normative,INT-122,,
IM-182,interviews/interview-B-3.md:L459,108,164,What part of the process would you like to explore next?,stakeholder 04:42,conversational/non-normative,,,"Conversational prompt, courtesy or presentation preamble; no business requirement or authorization."
IM-183,interviews/interview-B-3.md:L467,0,102,"I examine specific reports like avatar page captures, localisation test exports, and owner statements.",stakeholder 04:42,normative,INT-123,,
IM-184,interviews/interview-B-3.md:L467,103,166,This helps me verify disclosure and provenance for each system.,stakeholder 04:42,normative,INT-124,,
IM-185,interviews/interview-B-3.md:L469,0,97,- [EVIDENCE](https://docs.google.com/spreadsheets/d/19BYZ68OSbsa1i9OfF6MzthrdC6q6mt6IWk6ucI8u7Rk),stakeholder 04:42,duplicate,INT-125,IM-035,Repeated source route; different display labels do not declare a different source.
IM-186,interviews/interview-B-3.md:L473,0,118,These capture details help highlight contradictions between what is stated by the owner and what is actually captured.,stakeholder 04:42,normative,INT-126,,
IM-187,interviews/interview-B-3.md:L473,119,175,What part of the process would you like to explore next?,stakeholder 04:42,conversational/non-normative,,,"Conversational prompt, courtesy or presentation preamble; no business requirement or authorization."
IM-188,interviews/interview-B-3.md:L481,0,165,"I access these reports by following the links provided in the EVIDENCE register for each system, allowing me to inspect the actual captures or test results directly.",stakeholder 04:43,normative,INT-127,,
IM-189,interviews/interview-B-3.md:L481,166,263,- [EVIDENCE](https://docs.google.com/spreadsheets/d/19BYZ68OSbsa1i9OfF6MzthrdC6q6mt6IWk6ucI8u7Rk),stakeholder 04:43,duplicate,,IM-035,Repeated source route; different display labels do not declare a different source.
IM-190,interviews/interview-B-3.md:L485,0,139,This direct inspection ensures that our compliance assessment is based on verified facts rather than assumptions or superseded information.,stakeholder 04:43,normative,INT-128,,
IM-191,interviews/interview-B-3.md:L485,140,196,What part of the process would you like to explore next?,stakeholder 04:43,conversational/non-normative,,,"Conversational prompt, courtesy or presentation preamble; no business requirement or authorization."
IM-192,interviews/interview-B-3.md:L493,0,189,"Currently, human review by the system owners and Legal is required to resolve factual contradictions and interpretations, as automated tools cannot substitute for authorized role decisions.",stakeholder 04:43,normative,INT-129,,
IM-193,interviews/interview-B-3.md:L493,190,246,What part of the process would you like to explore next?,stakeholder 04:43,conversational/non-normative,,,"Conversational prompt, courtesy or presentation preamble; no business requirement or authorization."
IM-194,interviews/interview-B-3.md:L501,0,95,"The CALENDAR tracks actions, responsible owners, due dates, and the status of compliance tasks.",stakeholder 04:44,normative,INT-130,,
IM-195,interviews/interview-B-3.md:L501,96,206,"Key columns include the action and system IDs, the assigned owner, the deadline, and the required review path.",stakeholder 04:44,normative,INT-131,,
IM-196,interviews/interview-B-3.md:L503,0,97,- [CALENDAR](https://docs.google.com/spreadsheets/d/1xtXl_P7Yb9LaECZjjgtlyI-idoAJTAhH-1gQ4vQaCGA),stakeholder 04:44,duplicate,INT-132,IM-036,Repeated source route; different display labels do not declare a different source.
IM-197,interviews/interview-B-3.md:L507,0,148,"These fields ensure accountability and operational control, allowing us to verify that owners meet deadlines and that approvals are clearly visible.",stakeholder 04:44,normative,INT-133,,
IM-198,interviews/interview-B-3.md:L507,149,205,What part of the process would you like to explore next?,stakeholder 04:44,conversational/non-normative,,,"Conversational prompt, courtesy or presentation preamble; no business requirement or authorization."
IM-199,interviews/interview-B-3.md:L515,0,114,"The action column details the specific compliance task required, such as verifying provenance or updating records.",stakeholder 04:44,normative,INT-134,,
IM-200,interviews/interview-B-3.md:L515,115,160,It outlines the exact steps owners must take.,stakeholder 04:44,normative,INT-135,,
IM-201,interviews/interview-B-3.md:L515,161,213,What else would you like to know about the calendar?,stakeholder 04:44,conversational/non-normative,,,"Conversational prompt, courtesy or presentation preamble; no business requirement or authorization."
IM-202,interviews/interview-B-3.md:L517,0,97,- [CALENDAR](https://docs.google.com/spreadsheets/d/1xtXl_P7Yb9LaECZjjgtlyI-idoAJTAhH-1gQ4vQaCGA),stakeholder 04:44,duplicate,INT-136,IM-036,Repeated source route; different display labels do not declare a different source.
IM-203,interviews/interview-B-3.md:L521,0,136,"For each action, it designates a specific owner and deadline, linking the task to a system ID to ensure consistent cross-draft tracking.",stakeholder 04:45,normative,INT-137,,
IM-204,interviews/interview-B-3.md:L521,137,193,What part of the process would you like to explore next?,stakeholder 04:45,conversational/non-normative,,,"Conversational prompt, courtesy or presentation preamble; no business requirement or authorization."
IM-205,interviews/interview-B-3.md:L529,0,100,The due date specifies the deadline by which the assigned owner must complete the compliance action.,stakeholder 04:45,normative,INT-138,,
IM-206,interviews/interview-B-3.md:L529,101,191,It ensures operational control and anchors our timeline for finalizing the review package.,stakeholder 04:45,normative,INT-139,,
IM-207,interviews/interview-B-3.md:L529,192,289,- [CALENDAR](https://docs.google.com/spreadsheets/d/1xtXl_P7Yb9LaECZjjgtlyI-idoAJTAhH-1gQ4vQaCGA),stakeholder 04:45,duplicate,,IM-036,Repeated source route; different display labels do not declare a different source.
IM-208,interviews/interview-B-3.md:L533,0,117,The date is fixed to ensure all drafts and subsequent reviews remain consistent across the whole compliance workflow.,stakeholder 04:45,normative,INT-140,,
IM-209,interviews/interview-B-3.md:L533,118,174,What part of the process would you like to explore next?,stakeholder 04:45,conversational/non-normative,,,"Conversational prompt, courtesy or presentation preamble; no business requirement or authorization."
IM-210,interviews/interview-B-3.md:L541,0,93,"The status labels indicate whether an action is planned, open, blocked, scheduled, or closed.",stakeholder 04:45,normative,INT-141,,
IM-211,interviews/interview-B-3.md:L541,94,176,It's important to note that none of these mean the action is approved or complete.,stakeholder 04:45,normative,INT-142,,
IM-212,interviews/interview-B-3.md:L543,0,97,- [CALENDAR](https://docs.google.com/spreadsheets/d/1xtXl_P7Yb9LaECZjjgtlyI-idoAJTAhH-1gQ4vQaCGA),stakeholder 04:45,duplicate,INT-143,IM-036,Repeated source route; different display labels do not declare a different source.
IM-213,interviews/interview-B-3.md:L547,0,88,These states help us track the operational progression of each task across the calendar.,stakeholder 04:46,normative,INT-144,,
IM-214,interviews/interview-B-3.md:L547,89,145,What part of the process would you like to explore next?,stakeholder 04:46,conversational/non-normative,,,"Conversational prompt, courtesy or presentation preamble; no business requirement or authorization."
IM-215,interviews/interview-B-3.md:L555,0,169,"You should pay close attention to the required review column, which links actions to specific review paths, ensuring all changes correctly propagate across the workflow.",stakeholder 04:46,normative,INT-145,,
IM-216,interviews/interview-B-3.md:L555,170,227,Which part of the process would you like to explore next?,stakeholder 04:46,conversational/non-normative,,,"Conversational prompt, courtesy or presentation preamble; no business requirement or authorization."
IM-217,interviews/interview-B-3.md:L563,0,45,We've covered the core operational registers.,stakeholder 04:46,conversational/non-normative,,,"Conversational prompt, courtesy or presentation preamble; no business requirement or authorization."
IM-218,interviews/interview-B-3.md:L563,46,164,"If there are no further questions about those, which specific part of the workflow would you like to investigate next?",stakeholder 04:46,conversational/non-normative,,,"Conversational prompt, courtesy or presentation preamble; no business requirement or authorization."
IM-219,interviews/interview-B-3.md:L571,0,21,You are very welcome!,stakeholder 04:46,conversational/non-normative,,,"Conversational prompt, courtesy or presentation preamble; no business requirement or authorization."
IM-220,interviews/interview-B-3.md:L571,22,150,Please feel free to reach out if any other questions come up as you review the materials for the Article 50 compliance workflow.,stakeholder 04:46,conversational/non-normative,INT-146,,Invitation for follow-up questions; asserts no workflow behavior or authorization.
