requirement_id,contract_check,contract_assertion,status,expected,observed,u02_boundary
R1-001,SnapshotContracts.test_seven_schema_and_graph_valid_snapshots,Seven synthetic stage snapshots satisfy both schemas and their retained graph.,scoped-contract-demonstrated,Seven snapshots must be written at the corresponding workflow boundaries.,passed,Synthetic contract assertions only; full leaf acceptance and live stage production remain not-demonstrated in U01.
R1-002,SnapshotContracts.test_seven_schema_and_graph_valid_snapshots,Seven synthetic stage snapshots satisfy both schemas and their retained graph.,scoped-contract-demonstrated,All snapshots in one run must:,passed,Synthetic contract assertions only; full leaf acceptance and live stage production remain not-demonstrated in U01.
R1-003,SnapshotContracts.test_stage_sequence_and_predecessors,"Cross-run, out-of-order and wrong immediate predecessor bindings are rejected.",scoped-contract-demonstrated,share the same `run_id`;,passed,Synthetic contract assertions only; full leaf acceptance and live stage production remain not-demonstrated in U01.
R1-004,SnapshotContracts.test_seven_schema_and_graph_valid_snapshots,Seven synthetic stage snapshots satisfy both schemas and their retained graph.,scoped-contract-demonstrated,conform to the supplied schema;,passed,Synthetic contract assertions only; full leaf acceptance and live stage production remain not-demonstrated in U01.
R1-005,SnapshotContracts.test_useful_fields_and_uncertainty,Empty or placeholder summaries are rejected; supported and unresolved records remain distinct.,scoped-contract-demonstrated,contain meaningful summaries;,passed,Synthetic contract assertions only; full leaf acceptance and live stage production remain not-demonstrated in U01.
R1-006,SnapshotContracts.test_downstream_values_and_required_record_fields,"Typed values distinguish policy, absent-notice fact, impact, existing date and unknown proposal; deleting required record fields fails.",scoped-contract-demonstrated,contain the actual values required by downstream stages;,passed,Synthetic contract assertions only; full leaf acceptance and live stage production remain not-demonstrated in U01.
R1-007,SnapshotContracts.test_dangling_current_stage_wrong_type_and_run_links,"Dangling, wrong-type, missing-consumption and current-stage consumed references are rejected.",scoped-contract-demonstrated,"maintain traceability between sources, rules, decisions, and artifacts.",passed,Synthetic contract assertions only; full leaf acceptance and live stage production remain not-demonstrated in U01.
R1-008,SnapshotContracts.test_stage_sequence_and_predecessors,"Cross-run, out-of-order and wrong immediate predecessor bindings are rejected.",scoped-contract-demonstrated,From Stage 02 onward:,passed,Synthetic contract assertions only; full leaf acceptance and live stage production remain not-demonstrated in U01.
R1-009,SnapshotContracts.test_stage_sequence_and_predecessors,"Cross-run, out-of-order and wrong immediate predecessor bindings are rejected.",scoped-contract-demonstrated,`predecessor` must identify the immediately preceding snapshot;,passed,Synthetic contract assertions only; full leaf acceptance and live stage production remain not-demonstrated in U01.
R1-010,SnapshotContracts.test_exact_byte_two_stage_write_reread_and_mutation,Written predecessor SHA matches independent hashing; appended bytes invalidate reread.,scoped-contract-demonstrated,`predecessor` must include the hash of the immediately preceding snapshot.,passed,Synthetic contract assertions only; full leaf acceptance and live stage production remain not-demonstrated in U01.
R1-011,SnapshotContracts.test_downstream_values_and_required_record_fields,"Typed values distinguish policy, absent-notice fact, impact, existing date and unknown proposal; deleting required record fields fails.",scoped-contract-demonstrated,Each record must contain:,passed,Synthetic contract assertions only; full leaf acceptance and live stage production remain not-demonstrated in U01.
R1-012,SnapshotContracts.test_produced_and_business_identity_collisions,Produced identities exactly enumerate current records; duplicate identities fail.,scoped-contract-demonstrated,`id`;,passed,Synthetic contract assertions only; full leaf acceptance and live stage production remain not-demonstrated in U01.
R1-013,SnapshotContracts.test_useful_fields_and_uncertainty,Empty or placeholder summaries are rejected; supported and unresolved records remain distinct.,scoped-contract-demonstrated,meaningful `summary`;,passed,Synthetic contract assertions only; full leaf acceptance and live stage production remain not-demonstrated in U01.
R1-014,SnapshotContracts.test_downstream_values_and_required_record_fields,"Typed values distinguish policy, absent-notice fact, impact, existing date and unknown proposal; deleting required record fields fails.",scoped-contract-demonstrated,`evidence_ids`;,passed,Synthetic contract assertions only; full leaf acceptance and live stage production remain not-demonstrated in U01.
R1-015,SnapshotContracts.test_downstream_values_and_required_record_fields,"Typed values distinguish policy, absent-notice fact, impact, existing date and unknown proposal; deleting required record fields fails.",scoped-contract-demonstrated,actual downstream-relevant field values.,passed,Synthetic contract assertions only; full leaf acceptance and live stage production remain not-demonstrated in U01.
R1-016,SnapshotContracts.test_dangling_current_stage_wrong_type_and_run_links,"Dangling, wrong-type, missing-consumption and current-stage consumed references are rejected.",scoped-contract-demonstrated,`consumed_record_ids` must resolve to records available upstream.,passed,Synthetic contract assertions only; full leaf acceptance and live stage production remain not-demonstrated in U01.
R1-017,SnapshotContracts.test_produced_and_business_identity_collisions,Produced identities exactly enumerate current records; duplicate identities fail.,scoped-contract-demonstrated,`produced_record_ids` must identify records present in the current stage.,passed,Synthetic contract assertions only; full leaf acceptance and live stage production remain not-demonstrated in U01.
R3-001,IdentityAndState.test_exact_independent_enums,Code and schema contain the exact separate run/retrieval/impact/approval literals; native labels do not become approval.,scoped-contract-demonstrated,Allowed values:,passed,Synthetic contract assertions only; full leaf acceptance and live stage production remain not-demonstrated in U01.
R3-002,IdentityAndState.test_exact_independent_enums,Code and schema contain the exact separate run/retrieval/impact/approval literals; native labels do not become approval.,scoped-contract-demonstrated,`complete`,passed,Synthetic contract assertions only; full leaf acceptance and live stage production remain not-demonstrated in U01.
R3-003,IdentityAndState.test_exact_independent_enums,Code and schema contain the exact separate run/retrieval/impact/approval literals; native labels do not become approval.,scoped-contract-demonstrated,`partial`,passed,Synthetic contract assertions only; full leaf acceptance and live stage production remain not-demonstrated in U01.
R3-004,IdentityAndState.test_exact_independent_enums,Code and schema contain the exact separate run/retrieval/impact/approval literals; native labels do not become approval.,scoped-contract-demonstrated,`blocked`,passed,Synthetic contract assertions only; full leaf acceptance and live stage production remain not-demonstrated in U01.
R3-005,IdentityAndState.test_exact_independent_enums,Code and schema contain the exact separate run/retrieval/impact/approval literals; native labels do not become approval.,scoped-contract-demonstrated,`failed`,passed,Synthetic contract assertions only; full leaf acceptance and live stage production remain not-demonstrated in U01.
R3-006,IdentityAndState.test_exact_independent_enums,Code and schema contain the exact separate run/retrieval/impact/approval literals; native labels do not become approval.,scoped-contract-demonstrated,Allowed values:,passed,Synthetic contract assertions only; full leaf acceptance and live stage production remain not-demonstrated in U01.
R3-007,IdentityAndState.test_exact_independent_enums,Code and schema contain the exact separate run/retrieval/impact/approval literals; native labels do not become approval.,scoped-contract-demonstrated,`retrieved`,passed,Synthetic contract assertions only; full leaf acceptance and live stage production remain not-demonstrated in U01.
R3-008,IdentityAndState.test_exact_independent_enums,Code and schema contain the exact separate run/retrieval/impact/approval literals; native labels do not become approval.,scoped-contract-demonstrated,`unavailable`,passed,Synthetic contract assertions only; full leaf acceptance and live stage production remain not-demonstrated in U01.
R3-009,IdentityAndState.test_exact_independent_enums,Code and schema contain the exact separate run/retrieval/impact/approval literals; native labels do not become approval.,scoped-contract-demonstrated,`invalid`,passed,Synthetic contract assertions only; full leaf acceptance and live stage production remain not-demonstrated in U01.
R3-010,IdentityAndState.test_exact_independent_enums,Code and schema contain the exact separate run/retrieval/impact/approval literals; native labels do not become approval.,scoped-contract-demonstrated,`unverified`,passed,Synthetic contract assertions only; full leaf acceptance and live stage production remain not-demonstrated in U01.
R3-011,IdentityAndState.test_exact_independent_enums,Code and schema contain the exact separate run/retrieval/impact/approval literals; native labels do not become approval.,scoped-contract-demonstrated,`stale`,passed,Synthetic contract assertions only; full leaf acceptance and live stage production remain not-demonstrated in U01.
R3-012,IdentityAndState.test_exact_independent_enums,Code and schema contain the exact separate run/retrieval/impact/approval literals; native labels do not become approval.,scoped-contract-demonstrated,Allowed values:,passed,Synthetic contract assertions only; full leaf acceptance and live stage production remain not-demonstrated in U01.
R3-013,IdentityAndState.test_exact_independent_enums,Code and schema contain the exact separate run/retrieval/impact/approval literals; native labels do not become approval.,scoped-contract-demonstrated,`supported-impact`,passed,Synthetic contract assertions only; full leaf acceptance and live stage production remain not-demonstrated in U01.
R3-014,IdentityAndState.test_exact_independent_enums,Code and schema contain the exact separate run/retrieval/impact/approval literals; native labels do not become approval.,scoped-contract-demonstrated,`supported-no-impact`,passed,Synthetic contract assertions only; full leaf acceptance and live stage production remain not-demonstrated in U01.
R3-015,IdentityAndState.test_exact_independent_enums,Code and schema contain the exact separate run/retrieval/impact/approval literals; native labels do not become approval.,scoped-contract-demonstrated,`conflicting`,passed,Synthetic contract assertions only; full leaf acceptance and live stage production remain not-demonstrated in U01.
R3-016,IdentityAndState.test_exact_independent_enums,Code and schema contain the exact separate run/retrieval/impact/approval literals; native labels do not become approval.,scoped-contract-demonstrated,`unresolved`,passed,Synthetic contract assertions only; full leaf acceptance and live stage production remain not-demonstrated in U01.
R3-017,IdentityAndState.test_exact_independent_enums,Code and schema contain the exact separate run/retrieval/impact/approval literals; native labels do not become approval.,scoped-contract-demonstrated,Allowed values:,passed,Synthetic contract assertions only; full leaf acceptance and live stage production remain not-demonstrated in U01.
R3-018,IdentityAndState.test_exact_independent_enums,Code and schema contain the exact separate run/retrieval/impact/approval literals; native labels do not become approval.,scoped-contract-demonstrated,`pending`,passed,Synthetic contract assertions only; full leaf acceptance and live stage production remain not-demonstrated in U01.
R3-019,IdentityAndState.test_exact_independent_enums,Code and schema contain the exact separate run/retrieval/impact/approval literals; native labels do not become approval.,scoped-contract-demonstrated,`approved`,passed,Synthetic contract assertions only; full leaf acceptance and live stage production remain not-demonstrated in U01.
R3-020,IdentityAndState.test_exact_independent_enums,Code and schema contain the exact separate run/retrieval/impact/approval literals; native labels do not become approval.,scoped-contract-demonstrated,`rejected`,passed,Synthetic contract assertions only; full leaf acceptance and live stage production remain not-demonstrated in U01.
R3-021,IdentityAndState.test_exact_independent_enums,Code and schema contain the exact separate run/retrieval/impact/approval literals; native labels do not become approval.,scoped-contract-demonstrated,`not-required`,passed,Synthetic contract assertions only; full leaf acceptance and live stage production remain not-demonstrated in U01.
R3-022,SnapshotContracts.test_permitted_empty_collections_and_required_nonempty,Permitted typed collections accept empty lists while explicitly nonempty collections reject them.,scoped-contract-demonstrated,Required collections may be empty.,passed,Synthetic contract assertions only; full leaf acceptance and live stage production remain not-demonstrated in U01.
R3-023,,Persistence across evidence changes and actual authorized resolution require later reconciliation/review/rerun acceptance.,deferred,Unresolved or conflicting records must remain visible until:,not-demonstrated,Deferred to U10/U13 and rerun acceptance: no persistence or authorized-resolution implementation in U02.
R3-024,,Persistence across evidence changes and actual authorized resolution require later reconciliation/review/rerun acceptance.,deferred,evidence changes; or,not-demonstrated,Deferred to U10/U13 and rerun acceptance: no persistence or authorized-resolution implementation in U02.
R3-025,,Persistence across evidence changes and actual authorized resolution require later reconciliation/review/rerun acceptance.,deferred,an actual authorized decision resolves them.,not-demonstrated,Deferred to U10/U13 and rerun acceptance: no persistence or authorized-resolution implementation in U02.
R3-026,SnapshotContracts.test_decision_and_gap_fields_are_complete,"Unresolved gap basis, reason, owner and resolution need are retained; deletion of each field fails.",scoped-contract-demonstrated,"For unresolved or conflicting items, preserve:",passed,Synthetic contract assertions only; full leaf acceptance and live stage production remain not-demonstrated in U01.
R3-027,SnapshotContracts.test_decision_and_gap_fields_are_complete,"Unresolved gap basis, reason, owner and resolution need are retained; deletion of each field fails.",scoped-contract-demonstrated,source basis;,passed,Synthetic contract assertions only; full leaf acceptance and live stage production remain not-demonstrated in U01.
R3-028,SnapshotContracts.test_decision_and_gap_fields_are_complete,"Unresolved gap basis, reason, owner and resolution need are retained; deletion of each field fails.",scoped-contract-demonstrated,reason;,passed,Synthetic contract assertions only; full leaf acceptance and live stage production remain not-demonstrated in U01.
R3-029,SnapshotContracts.test_decision_and_gap_fields_are_complete,"Unresolved gap basis, reason, owner and resolution need are retained; deletion of each field fails.",scoped-contract-demonstrated,known owner;,passed,Synthetic contract assertions only; full leaf acceptance and live stage production remain not-demonstrated in U01.
R3-030,SnapshotContracts.test_decision_and_gap_fields_are_complete,"Unresolved gap basis, reason, owner and resolution need are retained; deletion of each field fails.",scoped-contract-demonstrated,resolution need.,passed,Synthetic contract assertions only; full leaf acceptance and live stage production remain not-demonstrated in U01.
R3-031,SnapshotContracts.test_date_precision_and_newer_values,Retrieval/revision/observation/effective fields coexist; assigned date and date precision cannot change.,scoped-contract-demonstrated,"Actual field values, source revisions, effective dates, retrieval times, and the assigned review date must remain distinct.",passed,Synthetic contract assertions only; full leaf acceptance and live stage production remain not-demonstrated in U01.
R3-032,SnapshotContracts.test_date_precision_and_newer_values,Retrieval/revision/observation/effective fields coexist; assigned date and date precision cannot change.,scoped-contract-demonstrated,The assigned review date must not be silently changed.,passed,Synthetic contract assertions only; full leaf acceptance and live stage production remain not-demonstrated in U01.
